CAS,chemical_name,susdat_name,susdat_id,DTX,,
93-65-2,(+/-)-2-(4-chloro-2-methylphenoxy)propionic acid (mcpp),"	(+/-)-2-(4-Chloro-2-methylphenoxy)propionic acid (MCPP)",NS00000277,,,
69327-76-0,"(2z)-2-[(1,1-dimethylethyl)imino]tetrahydro-3-(1-methylethyl)-5-phenyl-4h-1,3,5-thiadiazin-4-one","	Buprofezin",NS00114384,,,
113210-98-3,(z)-dimethomorph,(Z)-Dimethomorph,NS00007967,,,
3567-62-2,"1-(3,4-dichlorophenyl)-3-methylurea","N-(3,4-Dichlorophenyl)-N'-methylurea",NS00000266,,,
2327-02-8,"1-(3,4-dichlorophenyl)urea","3,4-Dichlorophenylurea",NS00000263,,,
2634-33-5,"1,2-benzisothiazolin-3-one (1,2-benzisothiazolinone)","1,2-Benzisothiazolin-3-one",NS00000271,,,
66753-07-9,"1,3,5-triazin-2(1h)-one, 4-((1,1-dimethylethyl)amino)-6-(ethylamino)-","1,3,5-Triazin-2(1H)-one, 4-((1,1-dimethylethyl)amino)-6-(ethylamino)-",NS00000294,,,
86-87-3,1-naphthaleneacetic acid,1-Naphthaleneacetic acid,NS00002971,,,
120983-64-4,"2-(1-chlorocyclopropyl)-1-(2-chlorophenyl)-3-(1h-1,2,4-triazol-1-yl)-2-propanol","2-(1-Chlorocyclopropyl)-1-(2-chlorophenyl)-3-(1H-1,2,4-triazol-1-yl)-2-propanol",NS00010886,,,
6119-92-2,"2-(1-methylheptyl)-4,6-dinitrophenyl crotonate (dinocap)","2-(1-Methylheptyl)-4,6-dinitrophenyl crotonate (Dinocap)",NS00098681,,,
2012-74-0,2-(4-chlorophenyl)-3-methylbutyric acid,2-(4-Chlorophenyl)-3-methylbutyric acid,NS00046315,,,
21564-17-0,2-(thiocyanomethylthio)benzothiazole,2-(Thiocyanomethylthio)benzothiazole,NS00001883,,,
1869-24-5,2-(trifluoromethyl)benzenesulfonamide,2-(Trifluoromethyl)benzenesulfonamide,NS00009074,,,
93-76-5,"2,4,5-trichlorophenoxyacetic acid","2,4,5-trichlorophenoxyacetic acid",NS00005731,,,
94-75-7,"2,4-dichlorophenoxyacetic acid","2,4-Dichlorophenoxyacetic acid",NS00000247,,,
94-82-6,"2,4-dichlorophenoxybutyric acid (2,4-db)","2,4-Dichlorophenoxybutyric acid (2,4-DB)",NS00006429,,,
94051-08-8,"2-[4-(6-chloroquinoxaline-2-yl-oxy)phenoxy]propanoic acid, (2r)-","2-[4-(6-Chloroquinoxaline-2-yl-oxy)phenoxy]propanoic acid, (2R)-",NS00001776,,,
934-32-7,2-aminobenzimidazole,2-Aminobenzimidazole,NS00010870,,,
1418095-02-9,"2-carbamoyl-3,5,6-trichloro-4-cyanobenzenesulfonic acid","2-Carbamoyl-3,5,6-trichloro-4-cyanobenzenesulfonic acid",NS00004492,,,
2163-68-0,2-hydroxyatrazine,2-Hydroxyatrazine,NS00000255,,,
149-30-4,2-mercaptobenzothiazole,2-Mercaptobenzothiazole,NS00000568,,,
90-43-7,2-phenylphenol,2-Phenylphenol,NS00010901,,,
6339-19-1,"3(2h)-pyridazinone, 5-amino-4-chloro-","3(2H)-Pyridazinone, 5-amino-4-chloro-",NS00000315,,,
95-76-1,"3,4-dichloroaniline","3,4-Dichloroaniline",NS00000077,,,
6515-38-4,"3,5,6-trichloro-2-pyridinol","3,5,6-Trichloro-2-pyridinol",NS00000357,,,
142733-37-7,"3-carbamoyl-2,4,5-trichlorobenzoic acid","3-Carbamoyl-2,4,5-trichlorobenzoic acid",NS00006120,,,
16655-82-6,3-hydroxycarbofuran,3-Hydroxycarbofuran,NS00010315,,,
2581-34-2,3-methyl-4-nitrophenol,4-Nitro-3-methylphenol,NS00021951,,,
3739-38-6,3-phenoxybenzoic acid,3-Phenoxybenzoic acid,NS00000279,,,
2758-42-1,"4-(2,4-dichlorophenoxy)butyric acid","4-(2,4-Dichlorophenoxy)butyric acid, compound with dimethylamine (1:1)",NS00083455,,,
"	90-98-2","4,4'-dichlorobenzophenone","	4,4'-Dichlorobenzophenone",NS00008814,,,
77279-89-1,4-fluoro-3-phenoxybenzoic acid,4-Fluoro-3-phenoxybenzoic acid,NS00067255,,,
28343-61-5,"4-hydroxy-2,5,6-trichloroisophthalonitrile","	4-Hydroxy-2,5,6-trichloroisophthalonitrile",NS00002719,,,
30614-22-3,"5,6-dimethyl-2-(methylamino)pyrimidin-4-yl dimethylcarbamate","5,6-Dimethyl-2-(methylamino)pyrimidin-4-yl dimethylcarbamate",NS00004616,,,
30560-19-1,acephate,Acephate,NS00000064,,,
71751-41-2,abamectin,Abamectin,NS00014275,,,
57960-19-7,acequinocyl,Acequinocyl,NS00002253,,,
135410-20-7,acetamiprid,Acetamiprid,NS00000453,,,
34256-82-1,acetochlor,Acetochlor,NS00000067,,,
194992-44-4,acetochlor oxa,Acetochlor OA,NS00009462,,,
74070-46-5,aclonifen,Aclonifen,NS00007170,,,
135158-54-2,acibenzolar-s-methyl,Acibenzolar-S-methyl,"NS00002657	",,,
15972-60-8,alachlor,Alachlor,NS00000252,,,
101007-06-1,acrinathrin,Acrinathrin,NS00009348,,,
142363-53-9,alachlor esa,Alachlor ESA,NS00010517,,,
171262-17-2,alachlor oa,Alachlor OA,NS00010518,,,
187022-11-3,acetochlor esa,Acetochlor ESA,NS00000058,,,
54965-21-8,albendazole,Albendazole,NS00009208,,,
83130-01-2,alanycarb,Alanycarb,NS00000480,,,
116-06-3,aldicarb,Aldicarb,NS00000083,,,
1646-87-3,aldicarb sulfoxide,Aldicarb sulfoxide,NS00000085,,,
1646-88-4,aldoxycarb,Aldoxycarb,NS00000084,,,
309-00-2,aldrin,Aldrin,NS00098500,,,
584-79-2,allethrin,Allethrin,NS00008969,,,
56534-02-2,alpha chlordene,"1,4-Ethenopentalene, 1,2,3,5,7,8-hexachloro-1,3a,4,5,6,6a-hexahydro-, (1R,3aS,4S,5S,6aS)-rel-",NS00121730,,,
115-29-7,,Endosulfan,NS00098547,,,
67375-30-8,alpha-cypermethrin,Alpha-Cypermethrin,NS00098482,,,
68085-85-8,alpha-cyhalothrin,"	Alpha-Cyhalothrin",NS00009539,,,
959-98-8,alpha-endosulfan,Endosulfan I,NS00008052,,,
33213-65-9,beta-endosulfan,Endosulfan II,NS00114173,,,
28044-83-9,alpha-heptachlor epoxide,Heptachlor epoxide A,NS00099458,,,
1024-57-3,beta-heptachlor epoxide,Heptachlor epoxide B,NS00008890,,,
5103-71-9,alpha-chlordane,Cis-Chlordane,NS00066932,,,
5103-74-2,beta-chlordane,Trans-Chlordane,NS00073906,,,
865318-97-4,ametoctradin,Ametoctradin,NS00002845,,,
834-12-8,ametrine,Ametryn,NS00000481,,,
120923-37-7,amidosulfuron,Amidosulfuron,NS00000555,,,
2032-59-9,aminocarb,Aminocarb,NS00008504,,,
150114-71-9,aminopyralid,Aminopyralid,NS00004656,,,
348635-87-0,amisulbrom,Amisulbrom,NS00001106,,,
33089-61-1,amitraz,Amitraz,NS00010085,,,
61-82-5,amitrole,Amitrole,NS00014227,,,
77521-29-0,ampa,(+/-)-Alpha-Amino-3-hydroxy-5-methyl-4-isoxazolepropionic acid (AMPA),NS00114216,,,
101-05-3,anilazine,Anilazine,NS00002860,,,
3337-71-1,asulam,Asulam,NS00009629,,,
1610-17-9,atraton,Atraton,NS00010573,,,
1912-24-9,atrazine,Atrazine,NS00000262,,,
6190-65-4,atrazine desethyl,Deethylatrazine,NS00008490,,,
2163-68-0,atrazine-2-hydroxy,2-Hydroxyatrazine,NS00000255,,,
65195-55-3,avermectin b1a,Avermectin B1a,NS00002049,,,
65195-56-4,avermectin b1b,Avermectin B1b,NS00008552,,,
11141-17-6,azadirachtin,Azadirachtin,NS00004969,,,
60207-31-0,azaconazole,Azaconazole,NS00001037,,,
120162-55-2,azimsulfuron,Azimsulfuron,NS00002919,,,
2642-71-9,azinphos-ethyl,Azinphos-ethyl,NS00009161,,,
131860-33-8,azoxystrobin,Azoxystrobin,NS00009778,,,
86-50-0,azinphos-methyl,Azinphos-methyl,NS00010876,,,
1185255-09-7,azoxystrobin acid,Azoxystrobin acid,NS00000374,,,
113614-08-7,beflubutamid,Beflubutamid,NS00007100,,,
71626-11-4,benalaxyl,Benalaxyl,NS00000482,,,
98243-83-5,benalaxyl-m,Benalaxyl-M,NS00120704,,,
22781-23-3,bendiocarb,Bendiocarb,NS00001535,,,
1861-40-1,benfluralin,Benfluralin,NS00005161,,,
82560-54-1,benfuracarb,Benfuracarb,NS00022823,,,
17804-35-2,benomyl,Benomyl,NS00000092,,,
83055-99-6,bensulfuron-methyl,Bensulfuron-methyl,NS00009444,,,
17606-31-4,bensultap,Bensultap,NS00008217,,,
25057-89-0,bentazone,Bentazone,NS00000236,,,
60374-43-8,bentazone 8-oh,8-Hydroxybentazon,NS00003944,,,
55-21-0,benzamide,Benzamide,NS00009285,,,
177406-68-7,benthiavalicarb-isopropyl,Benthiavalicarb-isopropyl,NS00008009,,,
98-10-2,benzenesulfonamide,Benzenesulfonamide,NS00010816,,,
98-11-3,benzenesulfonic acid,Benzenesulfonic acid,NS00009548,,,
65-85-0,benzoic acid,Benzoic acid,NS00008785,,,
88-97-1,"benzoic acid, 2-(aminocarbonyl)-","Benzoic acid, 2-(aminocarbonyl)-",NS00014427,,,
110964-79-9,"benzoic acid, 4-(methylsulfonyl)-2-nitro-","Benzoic acid, 4-(methylsulfonyl)-2-nitro-",NS00002292,,,
53774-07-5,"benzoic acid, 5-(2,4-dichlorophenoxy)-2-nitro-","Benzoic acid, 5-(2,4-dichlorophenoxy)-2-nitro-",NS00006987,,,
1929-88-0,benzthiazuron,Benzthiazuron,NS00010109,,,
149877-41-8,bifenazate,Bifenazate,NS00010595,,,
82657-04-3,bifenthrin,Bifenthrin,NS00066797,,,
42576-02-3,bifenox,Bifenox,NS00000096,,,
125401-92-5,bispyribac-sodium,Bispyribac,NS00005382,,,
92-52-4,biphenyl,Biphenyl,NS00010251,,,
581809-46-3,bixafen,Bixafen,NS00007333,,,
55179-31-2,bitertanol,Bitertanol,NS00000097,,,
56073-10-0,brodifacoum,Brodifacoum,NS00015497,,,
188425-85-6,boscalid,Boscalid,NS00000437,,,
28772-56-7,bromadiolone,Bromadiolone,NS00000686,,,
314-40-9,bromacil,Bromacil,NS00000246,,,
4824-78-6,bromophos-ethyl,Bromophos-ethyl,NS00001710,,,
1715-40-8,bromocyclen,Bromociclen,NS00001549,,,
18181-80-1,bromopropylate,Bromopropylate,NS00004515,,,
2104-96-3,bromophos-methyl,Bromofos,NS00008725,,,
1689-84-5,bromoxynil,Bromoxynil,NS00001555,,,
116255-48-2,bromuconazole,Bromuconazole,NS00000700,,,
41483-43-6,bupirimate,Bupirimate,NS00008560,,,
52-51-7,bronopol,Bronopol,NS00003792,,,
134605-64-4,butafenacil,Butafenacil,NS00006629,,,
69327-76-0,buprofezin,"	Buprofezin",NS00114384,,,
23184-66-9,butachlor,Butachlor,NS00003366,,,
35256-85-0,butam,Butam,NS00000238,,,
33629-47-9,butralin,Butralin,NS00000101,,,
34681-23-7,butoxycarboxim,Butoxycarboxim,NS00007418,,,
3766-60-7,buturon,Buturon,NS00006372,,,
95465-99-9,cadusafos,Cadusafos,NS00000102,,,
2425-06-1,captafol,Captafol,NS00005473,,,
133-06-2,captan,Captan,NS00008419,,,
63-25-2,carbaryl,Carbaryl,NS00000484,,,
10605-21-7,carbendazim,Carbendazim,NS00010265,,,
1563-66-2,carbofuran,Carbofuran,NS00010602,,,
16118-49-3,carbetamide,Carbetamide,NS00008830,,,
786-19-6,carbophenothion,,NS00015384,,,
16655-82-6,carbofuran(+3-hydroxy),3-Hydroxycarbofuran,"	
NS00010315",,,
5234-68-4,carboxin,,NS00002769,,,
55285-14-8,carbosulfan,,NS00008805,,,
1217465-10-5,cga 357704,"	N-(2-Ethyl-6-methylphenyl)-N-oxalo-L-alanine",NS00005967,,,
128639-02-1,carfentrazone-ethyl,,NS00019702,,,
1173021-76-5,cga 368208,Metolachlor CGA 368208,NS00400972,,,
0,cga 50267,,NS00067577,,,
142891-20-1,cinidon-ethyl,,NS00098680,,,
94593-91-6,cinosulfuron,,NS00008335,,,
5103-71-9,cis-chlordane,,NS00066932,,,
5103-73-1,cis-nonachlor,Nonachlor-cis,NS00073926,,,
74051-80-2,sethoxydim,,NS00060331,,,
99129-21-2,clethodim,,NS00019754,,,
74115-24-5,clofentezine,,NS00005836,,,
105512-06-9,clodinafop-propargyl,,NS00000112,,,
81777-89-1,clomazone,,NS00010041,,,
1702-17-6,clopyralid,,NS00005373,,,
210880-92-5,clothianidin,,NS00009180,,,
81-82-3,coumachlor,,NS00000510,,,
117-52-2,coumafuryl,,NS00000511,,,
56-72-4,coumaphos,,NS00009821,,,
5836-29-3,coumatetralyl,,NS00047085,,,
535-89-7,crimidine,,NS00004032,,,
21725-46-2,cyanazine,,NS00000383,,,
120116-88-3,cyazofamid,,NS00008379,,,
736994-63-1,cyantraniliprole,,NS00040712,,,
101205-02-1,cycloxydim,,NS00000116,,,
28159-98-0,cybutryne,,NS00000272,,,
2163-69-1,cycluron,,NS00008784,,,
180409-60-3,cyflufenamid,,NS00002257,,,
68359-37-5,cyfluthrin,,NS00007574,,,
122008-85-9,cyhalofop-butyl,,NS00008915,,,
68085-85-8,cyhalothrin,Alpha-Cyhalothrin,NS00009539,,,
13067-93-1,cyjanofenofos,Cyanofenphos,NS00000115,,,
57966-95-7,cymoxanil,,NS00009143,,,
61676-87-7,cymiazole,,NS00005904,,,
52315-07-8,cypermethrin,,NS00108173,,,
94361-06-5,cyproconazole,,NS00000117,,,
121552-61-2,cyprodinil,,NS00001536,,,
66215-27-8,cyromazine,Cyromazine,NS00001536,,,
533-74-4,dazomet,Dazomet,NS00006011,,,
3424-82-6,,"o,p'-DDE",NS00001717,,,
72-55-9,,"p,p'-DDE",NS00002973,,,
53-19-0,,"	1-(2-Chlorophenyl)-1-(4-chlorophenyl)-2,2-dichloroethane (o,p'-DDD)",NS00009562,,,
72-54-8,,"	p,p'-DDD",NS00007051,,,
6190-65-4,deethylatrazine,Deethylatrazine,NS00008490,,,
,DDT,DDT total,NS00066798,,,
789-02-6,,"o,p'-DDT",NS00002496,,,
"	50-29-3",,"p,p'-DDT",NS00008970,,,
1007-28-9,deisopropylatrazine,,NS00000261,,,
52918-63-5,deltamethrin,,NS00009182,,,
8065-48-3,demeton,,NS00099561,,,
13684-56-5,desmedipham,,NS00000069,,,
919-86-8,demeton-s-methyl,,NS00000119,,,
34123-57-4,desmethyl-isoproturon,Isoproturon-monodemethyl,NS00000274,,,
1014-69-3,desmetryn,,NS00000121,,,
80060-09-9,diafenthiuron,,NS00002975,,,
10311-84-9,dialifos,Dialifor,NS00005664,,,
333-41-5,diazinon,,NS00008266,,,
2303-16-4,diallate,,NS00073909,,,
75736-33-3,diclobutrazol,,NS00005802,,,
1918-00-9,dicamba,,NS00000253,,,
1085-98-9,diclofluanide,Dichlofluanid,NS00008817,,,
40843-25-2,diclofop,,NS00101083,,,
115-32-2,dicofol,,NS00004774,,,
99-30-9,dicloran,,NS00006107,,,
60-57-1,dieldrin,,NS00098501,,,
87130-20-9,diethofencarb,,NS00010585,,,
598-02-7,diethylphosphate,"	Diethyl hydrogen phosphate",NS00015148,,,
56073-07-5,difenacoum,,NS00015683,,,
2465-65-8,diethylthiophosphate,"O,O-Diethyl phosphorothionate",NS00014896,,,
104653-34-1,difethialone,,NS00020046,,,
119446-68-3,difenoconazole,,NS00000433,,,
83164-33-4,diflufenican,,NS00008837,,,
35367-38-5,diflubenzuron,,NS00009540,,,
97-17-6,dichlofenthion,,NS00000123,,,
1194-65-6,dichlobenil,,NS00002192,,,
5980-24-5,dichlorobenzamide,"2,3-Dichlorobenzamide",NS00010264,,,
1085-98-9,dichlofluanid,,NS00008817,,,
120-36-5,dichlorprop,,NS00000250,,,
15165-67-0,dichlorprop-p,,NS00066820,,,
62-73-7,dichlorvos,,NS00000487,,,
56507-37-0,diketometribuzin,,NS00000194,,,
50563-36-5,dimethachlor,,NS00007718,,,
34205-21-5,dimefuron,,NS00010458,,,
"	1231710-75-0",dimethachlor-esa,Dimethachlor ESA,NS00000331,,,
1086384-49-7,dimethachlor-oxa,"	Dimethachlor OXA",NS00000332,,,
87674-68-8,dimethenamid,,NS00000237,,,
205939-58-8,dimethenamid-esa,"	Dimethenamide ESA",NS00000242,,,
60-51-5,dimethoate,,NS00000384,,,
163515-14-8,dimethenamid-p,,NS00066821,,,
110488-70-5,dimethomorph,,NS00108009,,,
756-80-9,dimethyldithiophosphate,"	O,O-Dimethyldithiophosphate",NS00001716,,,
149961-52-4,dimoxystrobin,,NS00008293,,,
29091-05-2,dinitramine,,NS00009760,,,
83657-24-3,diniconazole,,NS00010212,,,
39300-45-3,dinocap(+isomers),Dinocap,NS00073911,,,
88-85-7,dinoseb,,NS00000239,,,
165252-70-0,dinotefuran,,NS00000524,,,
78-34-2,dioxathion,,NS00003530,,,
1420-07-1,dinoterb,,NS00009297,,,
82-66-6,diphacinone,,NS00007899,,,
957-51-7,diphenamid,,NS00008365,,,
122-39-4,diphenylamine,,NS00010366,,,
2764-72-9,diquat,,NS00008841,,,
298-04-4,disulfoton,,NS00002187,,,
218208,disulfoton sulfone,,NS00003539,,,
3347-22-6,dithianon,,NS00008842,,,
5131-24-8,ditalimfos,,NS00002659,,,
330-54-1,diuron,,NS00000265,,,
197143,dodecylguanidine acetate,,NS00098531,,,
1593-77-7,dodemorph,,NS00010382,,,
2439-10-3,dodine,Dodecylguanidine acetate,NS00098531,,,
17109-49-8,edifenphos,,NS00001472,,,
121124-29-6,emamectin b1a,,NS00000128,,,
115-29-7,endosulfan,Endosulfan ,NS00098547,,,
959-98-8,endosulfan i,Endosulfan I,NS00008052,,,
33213-65-9,endosulfan ii,Endosulfan II,NS00114173,,,
1031-07-8,endosulfan sulfate,,NS00009999,,,
145-73-3,endothal,,NS00015678,,,
72-20-8,endrin,,NS00066941,,,
7421-93-4,endrin aldehyde,,NS00073878,,,
53494-70-5,endrin ketone,,NS00073879,,,
2104-64-5,epn,EPN,NS00002189,,,
133855-98-8,epoxiconazole,,NS00009136,,,
759-94-4,eptc,"	EPTC",NS00005221,,,
133855-98-8,epoxyconazole,Epoxiconazole,NS00009136,,,
66230-04-4,esfenvalerate,,NS00004711,,,
55283-68-6,ethalfluraline,"	Ethalfluralin",NS00015679,,,
29973-13-5,ethiofencarb,,NS00000130,,,
30043-49-3,ethidimuron,,NS00007743,,,
53380-23-7,ethiofencarb-sulfone,Ethiofencarb sulfone,NS00000131,,,
563-12-2,ethion,,NS00010882,,,
80844-07-1,ethofenprox,Etofenprox,NS00002113,,,
23947-60-6,ethirimol,,NS00009659,,,
26225-79-6,ethofumesate,,NS00010438,,,
13194-48-4,ethoprophos,Ethoprop,NS00000685,,,
91-53-2,ethoxyquine,Ethoxyquin,NS00009586,,,
72-56-0,ethyl-ddd,"p,p'-Ethyl-DDD",NS00003473,,,
153233-91-1,etoxazole,,NS00000133,,,
80844-07-1,etofenprox,,NS00002113,,,
2593-15-9,etridiazole,,NS00007073,,,
38260-54-7,etrimfos,,NS00002608,,,
131807-57-3,famoxadone,,NS00000488,,,
52-85-7,famphur,,NS00002635,,,
161326-34-7,fenamidone,,NS00000492,,,
60168-88-9,fenarimol,,NS00000135,,,
120928-09-8,fenazaquin,,NS00006654,,,
114369-43-6,fenbuconazole,,NS00000136,,,
126833-17-8,fenhexamid,,NS00008208,,,
122-14-5,fenitrothion,,NS00003255,,,
299-84-3,fenchlorphos,,NS00006758,,,
3766-81-2,fenobucarbe,Fenobucarb,NS00009809,,,
62850-32-2,fenothiocarb,,NS00002816,,,
87714-45-2,fenoxaprop-ethyl,,NS00000137,,,
113158-40-0,fenoxaprop-p,,NS00098481,,,
72490-01-8,fenoxycarb,,NS00000439,,,
39515-41-8,fenpropathrin,,NS00000140,,,
76492-92-7,fenpropimorph,,NS00010881,,,
67306-00-7,fenpropidin,,NS00000452,,,
80-38-6,fenson,,NS00006078,,,
134098-61-6,fenpyroximate,,NS00002695,,,
14255-72-2,fensulfothion(+sulfone),Fensulfothion sulfone,NS00002653,,,
6132-17-8,fensulfothion-oxon(+sulfone),"Phosphoric acid, diethyl p-(methylsulfonyl)phenyl ester",NS00007624,,,
55-38-9,fenthion,,NS00000066,,,
668-34-8,fentin (triphenyltin),,NS00099820,,,
51630-58-1,fenvalerate,,NS00099445,,,
101-42-8,fenuron,,NS00000525,,,
120068-37-3,fipronil,,NS00000349,,,
51630-58-1,fenvelarate,"	Fenvalerate",NS00099445,,,
120068-36-2,fipronil sulfone,,NS00000350,,,
205650-65-3,fipronil-desulfinyl,,NS00000352,,,
90035-08-8,flocoumafen,,NS00019925,,,
104040-78-0,flazasulfuron,,NS00000142,,,
145701-23-1,florasulam,,NS00001447,,,
158062-67-0,flonicamid,,NS00000440,,,
69335-91-7,fluazifop(free acid),Fluazifop (free acid),NS00073849,,,
69806-50-4,fluazifop-butyl,,NS00000512,,,
79622-59-6,fluazinam,,NS00008648,,,
79241-46-6,fluazifop-p-butyl,,NS00098605,,,
272451-65-7,flubendiamide,,NS00004502,,,
70124-77-5,flucythrinate,,NS00002275,,,
131341-86-1,fludioxonil,,NS00011514,,,
142459-58-3,flufenacet,,NS00000324,,,
201668-32-8,flufenacet esa,,NS00000305,,,
201668-31-7,flufenacet oa,,NS00000306,,,
33245-39-5,fluchloralin,,NS00003831,,,
101463-69-8,flufenoxuron,,NS00003296,,,
103361-09-7,flumioxazin,,NS00010176,,,
2164-17-2,fluometuron,,NS00010278,,,
658066-35-4,fluopyram,,NS00001768,,,
239110-15-7,fluopicolide,,NS00004383,,,
361377-29-9,fluoxastrobin,,NS00008659,,,
144740-53-4,flupyrsulfuron-methyl,,NS00009509,,,
951659-40-8,flupyradifurone,Flupyradifurone,NS00502213,,,
136426-54-5,fluquinconazole,,NS00004084,,,
61213-25-0,flurochloridone,,NS00010153,,,
81406-37-3,fluroxypyr-methylheptyl ester,Fluroxypyr-meptyl,NS00006504,,,
69377-81-7,fluroxypyr,,NS00001734,,,
96525-23-4,flurtamone,,NS00009620,,,
85509-19-9,flusilazole,,NS00098479,,,
117337-19-6,fluthiacet-methyl,,NS00003833,,,
66332-96-5,flutolanil,,NS00009245,,,
76674-21-0,flutriafol,,NS00000704,,,
69409-94-5,fluvalinate,,NS00009151,,,
102851-06-9,fluvalinate(tau),Tau-Fluvalinate,NS00098485,,,
133-07-3,folpet,,NS00005935,,,
907204-31-3,fluxapyroxad,,NS00006403,,,
72178-02-0,fomesafen,,NS00005859,,,
944-22-9,fonofos,,NS00008243,,,
173159-57-4,foramsulfuron,,NS00000389,,,
23422-53-9,formetanate(hydrochlorure),Formetanate hydrochloride,NS00083924,,,
2540-82-1,formothion,,NS00004887,,,
98886-44-3,fosthiazate,,NS00000489,,,
3878-19-1,fuberidazole,,NS00000144,,,
57646-30-7,furalaxyl,,NS00000526,,,
65907-30-4,furathiocarb,,NS00000148,,,
60568-05-0,furmecyclox,,NS00009436,,,
5566-34-7,gamma-chlordane,"2,2,4,5,6,7,8,8-Octachloro-2,3,3a,4,7,7a-hexahydro-4,7-methano-1H-indene",NS00044294,,,
22350-76-1,gardona (trans-isomer),Gardona (trans-isomer),NS00009352,,,
1071-83-6,glyphosate,Glyphosate,NS00006349,,,
51276-47-2,glufosinate,Glufosinate,NS00005957,,,
69806-34-4,haloxyfop(free acid),Haloxyfop,NS00066824,,,
100784-20-1,halosulfuron-methyl,Halosulfuron-methyl,NS00009730,,,
69806-40-2,haloxyfop-methyl(r+s),"	Haloxyfop-methyl",NS00001997,,,
87237-48-7,haloxyfop-2-ethoxyethyl,Haloxyfop-etotyl,NS00000150,,,
608-73-1,sum hch,"1,2,3,4,5,6-Hexachlorocyclohexane (HCH total)",NS00108471,,,
319-84-6,alpha-hch,"Alpha-1,2,3,4,5,6-Hexachlorocyclohexane (a-HCH)",NS00066921,,,
319-85-7,beta-hch,"	Beta-Hexachlorocyclohexane (b-HCH)",NS00066928,,,
58-89-9,,Lindane (g-HCH),NS00002327,,,
319-86-8,,"Delta-1,2,3,4,5,6-Hexachlorocyclohexane (d-HCH)",NS00066938,,,
6108-10-7,,Epsilon-Hexachlorocyclohexane (e-HCH),NS00073947,,,
76-44-8,heptachlor,Heptachlor,NS00008168,,,
,heptachlor epoxide,Sum-Heptachlor epoxides,NS00502086,,,
28044-83-9,heptachlor-exo-epoxide,Heptachlor epoxide A,NS00099458,,,
1024-57-3,heptachlor-endo-epoxide,Heptachlor epoxide B,NS00008890,,,
23560-59-0,heptenophos,,NS00000527,,,
79983-71-4,hexaconazole,,NS00098678,,,
118-74-1,hexachlorobenzene,,NS00010702,,,
86479-06-3,hexaflumuron,,NS00002470,,,
51235-04-2,hexazinone,,NS00000457,,,
78587-05-0,hexythiazox,,NS00000151,,,
2439-01-2,chinomethionat,Chinomethionate,NS00001548,,,
2599-11-3,hydroxysimazine,,NS00000309,,,
500008-45-7,chlorantraniliprole,,NS00002799,,,
103-17-3,chlorbenside,,NS00021456,,,
5103-71-9,chlordane cis,Cis-Chlordane,NS00066932,,,
5103-74-2,chlordane trans,Trans-Chlordane,NS00073906,,,
1967-16-4,chlorbufam,,NS00007292,,,
122453-73-0,chlorfenapyr,,NS00008155,,,
80-33-1,chlorfenson,,NS00005538,,,
470-90-6,chlorfenvinphos,,NS00000485,,,
1698-60-8,chloridazon,,NS00008895,,,
2675-77-6,chloroneb,,NS00001859,,,
510-15-6,chlorobenzilate,,NS00006325,,,
3691-35-8,chlorophacinone,,NS00005218,,,
1897-45-6,chlorothalonil,,NS00005725,,,
15545-48-9,chlorotoluron,,NS00000251,,,
1982-47-4,chloroxuron,,NS00010440,,,
1891-95-8,chloroxynil,,NS00000486,,,
101-21-3,chlorpropham,,NS00010021,,,
5598-13-0,chlorpyrifos-methyl,,NS00000446,,,
2921-88-2,chlorpyrifos-ethyl,"	Chlorpyrifos (Chlorpyrifos-ethyl)",NS00000445,,,
64902-72-3,chlorsulfuron,,NS00000107,,,
1861-32-1,chlorthal-dimethyl,,NS00000701,,,
500-28-7,chlorthion,,NS00001236,,,
60238-56-4,chlorthiophos,,NS00004688,,,
15545-48-9,chlortoluron,Chlorotoluron,NS00000251,,,
84332-86-5,chlozolinate,,NS00004292,,,
143807-66-3,chromafenozide,,NS00005492,,,
35554-44-0,imazalil,,NS00009564,,,
81335-37-7,imazaquin,,NS00009683,,,
114311-32-9,imazamox,,NS00000438,,,
138261-41-3,imidacloprid,,NS00000361,,,
122548-33-8,imazosulfuron,,NS00007342,,,
115970-17-7,imidacloprid guanidine,Desnitro-imidacloprid,NS00000493,,,
115086-54-9,imidacloprid olefin,,NS00014262,,,
6714-29-0,impy,"2,3-Dihydro-1H-imidazo[1,2-b]pyrazole",NS00046475,,,
173584-44-6,indoxacarb,,NS00098526,,,
18181-70-9,iodofenphos,Iodenphos,NS00009634,,,
144550-06-1,iodosulfuron-methyl,Iodosulfuron methyl ester,NS00000651,,,
125225-28-7,ipconazole,,NS00002872,,,
1689-83-4,ioxynil,,NS00009868,,,
36734-19-7,iprodione,,NS00000494,,,
26087-47-8,iprobenfos,,NS00003998,,,
140923-17-7,iprovalicarb,,NS00000435,,,
42509-80-8,isazofos,,NS00008269,,,
297-78-9,isobenzan,,NS00022007,,,
24353-61-5,isocarbophos,,NS00006574,,,
465-73-6,isodrin,,NS00006421,,,
25311-71-1,isofenphos,,NS00000159,,,
99675-03-3,isofenphos-methyl,"	Isofenfos-methyl",NS00003770,,,
33820-53-0,isopropaline,Isopropalin,NS00003426,,,
2631-40-5,isoprocarb,,NS00010531,,,
34123-59-6,isoproturon,,NS00000260,,,
50512-35-1,isoprothiolane,,NS00001248,,,
881685-58-1,isopyrazam,,NS00040576,,,
56046-17-4,isoproturon-desmethyl,,NS00000259,,,
82558-50-7,isoxaben,,NS00000671,,,
141112-29-0,isoxaflutole,,NS00000652,,,
18854-01-8,isoxathion,,NS00002507,,,
18181-70-9,jodfenphos,"	Iodenphos",NS00009634,,,
143390-89-0,kresoxim-methyl,,NS00008540,,,
91465-08-6,lambda-cyhalothrin,,NS00108210,,,
2164-08-1,lenacil,,NS00000444,,,
330-55-2,linuron,,NS00010461,,,
103055-07-8,lufenuron,,NS00001576,,,
1634-78-2,malaoxon,,NS00000705,,,
121-75-5,malathion,,NS00001740,,,
374726-62-2,mandipropamid,,NS00000495,,,
1634-78-2,malaoxon,,NS00000705,,,
94-74-6,mcpa,,NS00000243,,,
94-81-5,mcpb,,NS00008169,,,
93-65-2,mecoprop,(+/-)-2-(4-Chloro-2-methylphenoxy)propionic acid (MCPP),NS00000277,,,
2595-54-2,mecarbam,,NS00002565,,,
16484-77-8,mecoprop-p,(R)-2-(4-Chloro-2-methylphenoxy)propionate (Mecoprop-P),NS00085172,,,
73250-68-7,mefenacet,,NS00000165,,,
108-78-1,melamine,,NS00010262,,,
110235-47-7,mepanipyrim,,NS00000496,,,
55814-41-0,mepronil,,NS00003853,,,
208465-21-8,mesosulfuron-methyl,,NS00009416,,,
104206-82-8,mesotrione,,NS00000240,,,
57837-19-1,metalaxyl,,NS00098478,,,
139968-49-3,metaflumizone,,NS00001023,,,
70630-17-0,metalaxyl-m,,NS00003738,,,
108-62-3,metaldehyde,,NS00006999,,,
41394-05-2,metamitron,,NS00010410,,,
172960-62-2,metazachlor esa,,NS00008387,,,
67129-08-2,metazachlor,,NS00000249,,,
1231244-60-2,metazachlor oxa,,NS00000322,,,
125116-23-6,metconazole,,NS00000558,,,
18691-97-9,methabenzthiazuron,,NS00010463,,,
10265-92-6,methamidophos,,NS00010000,,,
62610-77-9,methacrifos,,NS00000166,,,
2032-65-7,methiocarb,,NS00000436,,,
950-37-8,methidathion,,NS00007694,,,
16752-77-5,methomyl,,NS00008271,,,
40596-69-8,methoprene,,NS00003506,,,
72-43-5,methoxychlor,,NS00003861,,,
161050-58-4,methoxyfenozide,,NS00000434,,,
17254-80-7,methyldesphenylchloridazon,,NS00000316,,,
298-00-0,methyl parathion,,NS00003145,,,
99-76-3,methylparaben,,NS00001849,,,
3060-89-7,metobromuron,,NS00010464,,,
51218-45-2,metolachlor,,NS00000248,,,
171118-09-5,metolachlor esa,,NS00000295,,,
152019-73-3,metolachlor OA,,NS00000245,,,
87392-12-9,metolachlor-s,"	S-Metolachlor",NS00067081,,,
1129-41-5,metolcarb,,NS00005439,,,
139528-85-1,metosulam,,NS00008689,,,
133408-50-1,metominostrobin,,NS00010318,,,
19937-59-8,metoxuron,,NS00010418,,,
220899-03-6,metrafenone,,NS00000497,,,
21087-64-9,metribuzin,,NS00001636,,,
74223-64-6,metsulfuron-methyl,,NS00010090,,,
7786-34-7,mevinphos,,NS00001649,,,
51596-11-3,milbemectin a4,,NS00006481,,,
2385-85-5,mirex,,NS00002680,,,
2212-67-1,molinate,,NS00000706,,,
7287-36-7,monalide,,NS00004772,,,
6923-22-4,monocrotophos,,NS00000065,,,
1746-81-2,monolinuron,,NS00010426,,,
150-68-5,monuron,,NS00007862,,,
88671-89-0,myclobutanil,,NS00000451,,,
60397-77-5,"n-(2,4-dimethylphenyl)formamide","N-(2,4-Dimethylphenyl)formamide",NS00000458,,,
66840-71-9,"n,n-dimethyl-n'-p-tolylsulphamide","	N,N-Dimethyl-N'-p-tolylsulphamide",NS00000288,,,
91-20-3,naphthalene,,NS00008377,,,
15299-99-7,napropamide,,NS00000068,,,
555-37-3,neburon,,NS00005770,,,
111991-09-4,nicosulfuron,,NS00008411,,,
54-11-5,nicotine,,NS00010445,,,
120738-89-8,nitenpyram,,NS00099461,,,
4726-14-1,nitralin,,NS00004930,,,
1836-75-5,nitrofen,,NS00000514,,,
10552-74-6,nitrothal-isopropyl,,NS00004811,,,
"	10552-74-6",nitrothal-isopropyle,Nitrothal-isopropyl,NS00004811,,,
27314-13-2,norflurazon,,NS00004600,,,
116714-46-6,novaluron,,NS00003651,,,
63284-71-9,nuarimol,,NS00002335,,,
26530-20-1,octhilinone,,NS00000270,,,
34622-58-7,orbencarb,,NS00003949,,,
1113-02-6,omethoate,,NS00000063,,,
19044-88-3,oryzalin,,NS00000515,,,
213464-77-8,orthosulfamuron,,NS00026846,,,
19666-30-9,oxadiazon,,NS00008448,,,
39807-15-3,oxadiargyl,,NS00006432,,,
23135-22-0,oxamyl,,NS00001635,,,
77732-09-3,oxadixyl,,NS00000516,,,
144651-06-9,oxasulfuron,,NS00010347,,,
5259-88-1,oxycarboxin,,NS00003349,,,
301-12-2,oxydemeton-methyl,,NS00010013,,,
42874-03-3,oxyfluorfen,,NS00000559,,,
27304-13-8,oxychlordane,,NS00002213,,,
101-76-8,"p,p'-ddm",Bis(4-chlorophenyl)methane,NS00023084,,,
1022-22-6,"p,p'-ddmu","1,1-Bis(p-chlorophenyl)-2-chloroethene",NS00007583,,,
311-45-5,paraoxon-ethyl,Paraoxon,NS00003670,,,
950-35-6,paraoxon-methyl,Methylparaoxon,NS00009421,,,
4685-14-7,paraquat,,NS00010483,,,
56-38-2,parathion,,NS00000528,,,
56-38-2,parathion-ethyl,Parathion,NS00000528,,,
298-00-0,parathion-methyl,Methyl parathion,NS00003145,,,
66246-88-6,penconazole,,NS00000523,,,
66063-05-6,pencycuron,,NS00008459,,,
40487-42-1,pendimethalin,,NS00000529,,,
219714-96-2,penoxsulam,,NS00006425,,,
527-20-8,pentachloroaniline,,NS00002067,,,
1825-21-4,pentachloroanisole,,NS00004402,,,
183675-82-3,penthiopyrad,,NS00015073,,,
87-86-5,pentachlorphenol,"Pentachlorophenol	",NS00009449,,,
52645-53-1,permethrin,,NS00000502,,,
106700-29-2,pethoxamid,,NS00000317,,,
13684-63-4,phenmedipham,,NS00001690,,,
26002-80-2,phenothrin,,NS00099457,,,
26046-85-5,phenothrin [(1r)-trans- isomer],,NS00001911,,,
298-02-2,phorate,,NS00007855,,,
254642,phenthoate,,NS00004968,,,
2588-04-7,phorate(+sulfone),"	Phorate sulfone",NS00010171,,,
2310-17-0,phosalone,,NS00001562,,,
732-11-6,phosmet,,NS00000517,,,
3735-33-9,phosmet(+oxon),Phosmetoxon,NS00067639,,,
13171-21-6,phosphamidon,,NS00124956,,,
14816-18-3,phoxim,,NS00000180,,,
6607,picloram,,NS00006515,,,
137641-05-5,picolinafen,,NS00009710,,,
243973-20-8,pinoxaden,,NS00000321,,,
243973-20-8,pinoxaden,,NS00000321,,,
23103-98-2,pirimicarb,,NS00000362,,,
30614-22-3,pirimicarb-desmethyl,"5,6-Dimethyl-2-(methylamino)pyrimidin-4-yl dimethylcarbamate",NS00004616,,,
23505-41-1,pirimiphos-ethyl,,NS00002602,,,
29232-93-7,pirimiphos-methyl,,NS00010883,,,
21757-82-4,plifenate,"3,4-Dichloro-a-(trichloromethyl)benzyl acetate",NS00050703,,,
51218-49-6,pretilachlore,Pretilachlor,NS00000530,,,
32809-16-8,procymidone,,NS00000518,,,
41198-08-7,profenofos,,NS00008209,,,
26399-36-0,profluralin,,NS00021960,,,
67747-09-5,prochloraz,,NS00010885,,,
7287-19-6,prometrine,Prometryn,NS00010269,,,
2631-37-0,promecarb,,NS00003842,,,
7287-19-6,prometryn,,NS00010269,,,
1918-16-7,propachlor,,NS00000323,,,
123732-85-4,propachlor esa,,NS00000307,,,
24579-73-5,propamocarb,,NS00000441,,,
111479-05-1,propaquizafop,,NS00005528,,,
139-40-2,propazine,,NS00000378,,,
139-40-2,propazine,,NS00000378,,,
122-42-9,propham,,NS00004441,,,
31218-83-4,propetamphos,,NS00004990,,,
60207-90-1,propiconazole,,NS00000220,,,
114-26-1,propoxur,,NS00010600,,,
23950-58-5,propyzamid,Propyzamide,NS00000560,,,
145026-81-9,propoxycarbazone,,NS00008432,,,
52888-80-9,prosulfocarb,,NS00010887,,,
189278-12-4,proquinazid,,NS00000653,,,
94125-34-5,prosulfuron,,NS00005223,,,
178928-70-6,prothioconazole,,NS00002744,,,
120983-64-4,prothioconazole-desthio,"2-(1-Chlorocyclopropyl)-1-(2-chlorophenyl)-3-(1H-1,2,4-triazol-1-yl)-2-propanol",NS00010886,,,
34643-46-4,prothiophos,Prothiofos,NS00009330,,,
2275-18-5,prothoate,,NS00021877,,,
123312-89-0,pymetrozine,,NS00000443,,,
175013-18-0,pyraclostrobin,,NS00000390,,,
129630-19-9,pyraflufen-ethyl,,NS00001488,,,
13457-18-6,pyrazophos,,NS00010879,,,
121-21-1,pyrethrin i,,NS00009290,,,
121-29-9,pyrethrin ii,,NS00002961,,,
96489-71-3,pyridaben,,NS00010535,,,
119-12-0,pyridafenthion,Pyridaphenthion,NS00004346,,,
179101-81-6,pyridalyl,,NS00007630,,,
119-12-0,pyridaphenthion,,NS00004346,,,
55512-33-9,pyridate,,NS00000573,,,
53112-28-0,pyrimethanil,,NS00000363,,,
88283-41-4,pyrifenox,,NS00009603,,,
95737-68-1,pyriproxyfen,,NS00009439,,,
29232-93-7,pyrimiphos methyl,Pirimiphos-methyl,NS00010883,,,
422556-08-9,pyroxsulam,,NS00008309,,,
13593-03-8,quinalphos,,NS00005072,,,
90717-03-6,quinmerac,,NS00000708,,,
2439-01-2,quinomethionate,Chinomethionate,NS00001548,,,
82-68-8,quintozene,Pentachloronitrobenzene,NS00001402,,,
124495-18-7,quinoxyfen,,NS00010580,,,
76578-12-6,quizalofop,,NS00098682,,,
76578-12-6,quizalofop(free acid),Quizalofop,NS00098682,,,
76578-14-8,quizalofop-ethyl,,NS00000184,,,
10453-86-8,resmethrin,,NS00009121,,,
113614-08-7,rac-n-benzyl-2-[4-fluoro-3-(trifluoromethyl)phenoxy]butanamide,Beflubutamid,NS00007100,,,
127-90-2,s421,"Bis(2,3,3,3-tetrachloropropyl) ether",NS00041550,,,
7286-69-3,sebuthylazine,,NS00000311,,,
26259-45-0,secbumeton,,NS00000310,,,
175217-20-6,silthiofam,,NS00066833,,,
122-34-9,simazine,,NS00000244,,,
935545-74-7,spinetoram(+isomers),,NS00502221,,,
168316-95-8,spinosad,,NS00003609,,,
131929-60-7,spinosyn a,,NS00004555,,,
131929-61-8,spinosyn b,,NS00007023,,,
131929-63-0,spinosyn d,,NS00003367,,,
148477-71-8,spirodiclofen,,NS00006322,,,
283594-90-1,spiromesifen,,NS00004014,,,
203313-25-1,spirotetramat,,NS00008224,,,
118134-30-8,spiroxamine,,NS00009694,,,
57-24-9,strychnine,,NS00009135,,,
99105-77-8,sulcotrione,,NS00000264,,,
57-68-1,sulfamethazine,,NS00000199,,,
141776-32-1,sulfosulfuron,,NS00001795,,,
63-74-1,sulfanilamide,,NS00000007,,,
3689-24-5,sulfotep,,NS00009366,,,
946578-00-3,sulfoxaflor,Sulfoxaflor,NS00502214,,,
35400-43-2,sulprofos,"	Sulprofos",NS00002119,,,
"	102851-06-9",tau-fluvalinate,Tau-Fluvalinate,"	
NS00098485",,,
1954-28-5,tde,Etoglucid,NS00046606,,,
107534-96-3,tebuconazole,,NS00000280,,,
112410-23-8,tebufenozide,,NS00007887,,,
119168-77-3,tebufenpyrad,,NS00000189,,,
96182-53-5,tebupirimfos,,NS00004779,,,
117-18-0,tecnazene,"2,3,5,6-Tetrachloronitrobenzene",NS00003436,,,
35256-85-0,tebutam,Butam,NS00000238,,,
83121-18-0,teflubenzuron,,NS00009379,,,
79538-32-2,tefluthrin,,NS00005646,,,
149979-41-9,tepraloxydim,,NS00000562,,,
5902-51-2,terbacil,,NS00009250,,,
13071-79-9,terbufos,,NS00009904,,,
33693-04-8,terbumeton,,NS00000293,,,
5915-41-3,terbuthylazine,Terbutylazine,NS00000258,,,
30125-63-4,terbuthylazine-desethyl,Desethylterbutylazine,NS00007860,,,
66753-07-9,terbuthylazine-2-hydroxy,"1,3,5-Triazin-2(1H)-one, 4-((1,1-dimethylethyl)amino)-6-(ethylamino)-",NS00000294,,,
886-50-0,terbutryn,,NS00000276,,,
5915-41-3,terbutylazine,,NS00000258,,,
112281-77-3,tetraconazole,,NS00000709,,,
116-29-0,tetradifon,,NS00002806,,,
22248-79-9,tetrachlorvinphos,"	Z-Tetrachlorvinphos",NS00073940,,,
7696-12-0,tetramethrin,,NS00099485,,,
1166-46-7,tetramethrin [(1r)-trans isomer],Tetramethrin [(1R)-trans isomer],NS00007969,,,
2227-13-6,tetrasul,,NS00004438,,,
148-79-8,thiabendazole,,NS00007958,,,
111988-49-9,thiacloprid,,NS00000448,,,
676228-91-4,thiacloprid amide,,NS00000449,,,
153719-23-4,thiamethoxam,,NS00010175,,,
317815-83-1,thiencarbazone-methyl,,NS00005087,,,
79277-27-3,thifensulfuron methyl,,NS00001276,,,
28249-77-6,thiobencarb,,NS00004130,,,
31895-21-3,thiocyclam,,NS00000070,,,
59669-26-0,thiodicarb,,NS00008451,,,
23564-05-8,thiophanate-methyl,,NS00004932,,,
137-26-8,thiram,Bis(dimethylaminothiocarbonyl) disulfide,NS00009398,,,
57018-04-9,tolclofos-methyl,,NS00000190,,,
731-27-1,tolylfluanid,,NS00000191,,,
142534-71-2,"toxaphene, parlar no. 26","2-endo,3-exo,5-endo,6-exo-8,8,10,10-Octachlorobornane (Parlar 26)",NS00073941,,,
87820-88-0,tralkoxydim,,NS00098683,,,
66841-25-6,tralomethrine,Tralomethrin,NS00002498,,,
118712-89-3,transfluthrin,,NS00005640,,,
43121-43-3,triadimefon,,NS00009440,,,
55219-65-3,triadimenol,,NS00003904,,,
2303-17-5,triallate,"	Tri-allate",NS00000710,,,
1031-47-6,triamiphos,,NS00073942,,,
82097-50-5,triasulfuron,,NS00007724,,,
112143-82-5,triazamate,,NS00004744,,,
24017-47-8,triazophos,,NS00002288,,,
72459-58-6,triazoxide,,NS00006659,,,
101200-48-0,tribenuron-methyl,,NS00005606,,,
55335-06-3,triclopyr,,NS00000442,,,
41814-78-2,tricyclazole,"2,7,8,9-Tricyclazole",NS00006721,,,
141517-21-7,trifloxystrobin,,NS00010878,,,
252913-85-2,trifloxystrobin acid,,NS00005228,,,
145099-21-4,trifloxysulfuron,,NS00015297,,,
68694-11-1,triflumizole,,NS00006114,,,
64628-44-0,triflumuron,,NS00008938,,,
1582-09-8,trifluralin,,NS00008982,,,
126535-15-7,triflusulfuron-methyl,,NS00000563,,,
26644-46-2,triforine,,NS00009786,,,
52-68-6,trichlorfon,,NS00010188,,,
327-98-0,trichloronat,,NS00009238,,,
131983-72-7,triticonazole,,NS00010104,,,
13674-84-5,tris(1-chloro-2-propyl) phosphate,Tris(2-chloroisopropyl)phosphate (TCPP),NS00009572,,,
142469-14-5,tritosulfuron,,NS00000377,,,
283159-90-0,valifenalate,,NS00003769,,,
50471-44-8,vinclozolin,,NS00000531,,,
2275-23-2,vamidothion,,NS00049873,,,
81-81-2,warfarin,,NS00010884,,,
0,z-benzoximate,,NS00000095,,,
51810-70-9,zinc phosphide,,NS00088619,,,
156052-68-5,zoxamide,,NS00007053,,,